{"cameraMode":{"drawMode":0,"name":"Shaded","section":"Shading Mode"},"sceneLighting":false,"audioPlay":false,"sceneViewState":{"showFog":true,"showMaterialUpdate":false,"showSkybox":true,"showFlares":true,"showImageEffects":true,"showParticleSystems":true},"in2DMode":false,"pivot":{"x":0.10290183126926422,"y":0.014548145234584809,"z":-0.026554405689239503},"rotation":{"x":0.08210842311382294,"y":-0.022423969581723214,"z":0.0018477473640814424,"w":0.996369481086731},"size":0.670768141746521,"orthographic":false}