{"cameraMode":{"drawMode":0,"name":"Shaded","section":"Shading Mode"},"sceneLighting":true,"audioPlay":false,"sceneViewState":{"showFog":true,"showMaterialUpdate":false,"showSkybox":true,"showFlares":true,"showImageEffects":true,"showParticleSystems":true},"in2DMode":false,"pivot":{"x":2.724344253540039,"y":-1.0688557624816895,"z":-14.22364616394043},"rotation":{"x":-0.11016593128442764,"y":0.1663251519203186,"z":-0.018725695088505746,"w":-0.9800911545753479},"size":26.446033477783204,"orthographic":false}