{"cameraMode":{"drawMode":0,"name":"Shaded","section":"Shading Mode"},"sceneLighting":false,"audioPlay":false,"sceneViewState":{"showFog":true,"showMaterialUpdate":false,"showSkybox":true,"showFlares":true,"showImageEffects":true,"showParticleSystems":true},"in2DMode":false,"pivot":{"x":0.0,"y":-0.027835257351398469,"z":-0.05924779921770096},"rotation":{"x":-0.09639070928096771,"y":-0.04028777405619621,"z":0.003904887242242694,"w":-0.9945203065872192},"size":0.24371162056922913,"orthographic":false}