{"cameraMode":{"drawMode":0,"name":"Shaded","section":"Shading Mode"},"sceneLighting":false,"audioPlay":false,"sceneViewState":{"showFog":true,"showMaterialUpdate":false,"showSkybox":true,"showFlares":true,"showImageEffects":true,"showParticleSystems":true},"in2DMode":false,"pivot":{"x":4.191051483154297,"y":0.8399999141693115,"z":1.4797042608261109},"rotation":{"x":-0.04846479371190071,"y":0.07634741812944412,"z":-0.0037143356166779997,"w":-0.9958958029747009},"size":2.8578836917877199,"orthographic":false}